{"cameraMode":{"drawMode":0,"name":"Shaded","section":"Shading Mode"},"sceneLighting":true,"audioPlay":false,"sceneViewState":{"showFog":true,"showMaterialUpdate":false,"showSkybox":true,"showFlares":true,"showImageEffects":true,"showParticleSystems":true},"in2DMode":false,"pivot":{"x":0.5658869743347168,"y":2.2947030067443849,"z":0.8221673965454102},"rotation":{"x":0.08894158899784088,"y":0.08654343336820603,"z":-0.007757494226098061,"w":0.9922396540641785},"size":7.412135601043701,"orthographic":false}