{"cameraMode":{"drawMode":0,"name":"Shaded","section":"Shading Mode"},"sceneLighting":false,"audioPlay":false,"sceneViewState":{"showFog":true,"showMaterialUpdate":false,"showSkybox":false,"showFlares":true,"showImageEffects":true,"showParticleSystems":true},"in2DMode":false,"pivot":{"x":-1.9648598432540894,"y":2.3196682929992677,"z":3.3226404190063478},"rotation":{"x":-0.2514280080795288,"y":-0.11149123311042786,"z":0.029169781133532525,"w":-0.9609905481338501},"size":1.9544122219085694,"orthographic":false}