{"cameraMode":{"drawMode":0,"name":"Shaded","section":"Shading Mode"},"sceneLighting":true,"audioPlay":false,"sceneViewState":{"showFog":true,"showMaterialUpdate":false,"showSkybox":false,"showFlares":true,"showImageEffects":true,"showParticleSystems":true},"in2DMode":false,"pivot":{"x":-3.380091667175293,"y":-0.07774615287780762,"z":0.618981122970581},"rotation":{"x":0.15618447959423066,"y":0.6477597951889038,"z":-0.13806521892547608,"w":0.7327698469161987},"size":34.170406341552737,"orthographic":false}