{"cameraMode":{"drawMode":0,"name":"Shaded","section":"Shading Mode"},"sceneLighting":false,"audioPlay":false,"sceneViewState":{"showFog":true,"showMaterialUpdate":false,"showSkybox":false,"showFlares":true,"showImageEffects":true,"showParticleSystems":true},"in2DMode":false,"pivot":{"x":-0.2203969955444336,"y":0.3644747734069824,"z":-2.3369626998901369},"rotation":{"x":0.1844107061624527,"y":0.6720625162124634,"z":-0.1784234493970871,"w":0.694614827632904},"size":11.418107986450196,"orthographic":false}