{"cameraMode":{"drawMode":0,"name":"Shaded","section":"Shading Mode"},"sceneLighting":false,"audioPlay":false,"sceneViewState":{"showFog":true,"showMaterialUpdate":false,"showSkybox":false,"showFlares":true,"showImageEffects":true,"showParticleSystems":true},"in2DMode":false,"pivot":{"x":0.18400000035762788,"y":1.2070000171661378,"z":0.734000027179718},"rotation":{"x":0.14324714243412019,"y":0.12435008585453034,"z":-0.01814527064561844,"w":0.9816761612892151},"size":1.1431536674499512,"orthographic":false}