{"cameraMode":{"drawMode":0,"name":"Shaded","section":"Shading Mode"},"sceneLighting":false,"audioPlay":false,"sceneViewState":{"showFog":true,"showMaterialUpdate":false,"showSkybox":false,"showFlares":true,"showImageEffects":true,"showParticleSystems":true},"in2DMode":false,"pivot":{"x":-1.6397968530654908,"y":1.6125307083129883,"z":2.2938146591186525},"rotation":{"x":-0.23446708917617799,"y":-0.5147629380226135,"z":0.1488017737865448,"w":-0.8111118078231812},"size":5.46372652053833,"orthographic":false}